ID,Host,Sequence,Timestamp,Success,Latency (ms),Error Type
2,8.8.8.8,0,2026-07-11T14:18:11.794172+00:00,Yes,74.736,
1,1.1.1.1,0,2026-07-11T14:18:11.798635+00:00,Yes,61.979,
3,1.1.1.1,1,2026-07-11T14:18:14.883211+00:00,Yes,63.409,
4,8.8.8.8,1,2026-07-11T14:18:14.898244+00:00,Yes,66.963,
5,1.1.1.1,2,2026-07-11T14:18:17.968378+00:00,Yes,64.459,
6,8.8.8.8,2,2026-07-11T14:18:17.983447+00:00,Yes,67.329,
7,1.1.1.1,3,2026-07-11T14:18:21.066062+00:00,Yes,69.246,
8,8.8.8.8,3,2026-07-11T14:18:21.066597+00:00,Yes,85.686,
9,1.1.1.1,4,2026-07-11T14:18:24.158107+00:00,Yes,66.631,
10,8.8.8.8,4,2026-07-11T14:18:24.173532+00:00,Yes,67.983,
11,1.1.1.1,5,2026-07-11T14:18:27.251011+00:00,Yes,62.164,
12,8.8.8.8,5,2026-07-11T14:18:27.266180+00:00,Yes,67.412,
13,1.1.1.1,6,2026-07-11T14:18:30.335032+00:00,Yes,65.06,
14,8.8.8.8,6,2026-07-11T14:18:30.365968+00:00,Yes,63.076,
15,1.1.1.1,7,2026-07-11T14:18:33.435938+00:00,Yes,64.335,
16,8.8.8.8,7,2026-07-11T14:18:33.467174+00:00,Yes,62.043,
18,8.8.8.8,0,2026-07-11T14:22:37.806286+00:00,Yes,80.805,
17,1.1.1.1,0,2026-07-11T14:22:37.810439+00:00,Yes,65.439,
19,1.1.1.1,1,2026-07-11T14:22:40.902563+00:00,Yes,67.705,
20,8.8.8.8,1,2026-07-11T14:22:40.918475+00:00,Yes,67.534,
21,1.1.1.1,2,2026-07-11T14:22:43.995033+00:00,Yes,67.039,
22,8.8.8.8,2,2026-07-11T14:22:44.010432+00:00,Yes,68.347,
23,1.1.1.1,3,2026-07-11T14:22:47.080686+00:00,Yes,66.016,
24,8.8.8.8,3,2026-07-11T14:22:47.096619+00:00,Yes,67.666,
26,8.8.8.8,0,2026-07-11T14:26:08.107600+00:00,Yes,81.299,
25,1.1.1.1,0,2026-07-11T14:26:08.111166+00:00,Yes,63.822,
27,1.1.1.1,1,2026-07-11T14:26:11.202522+00:00,Yes,83.162,
28,8.8.8.8,1,2026-07-11T14:26:11.217870+00:00,Yes,86.56,
29,1.1.1.1,2,2026-07-11T14:26:14.307396+00:00,Yes,60.425,
30,8.8.8.8,2,2026-07-11T14:26:14.323442+00:00,Yes,66.612,
32,8.8.8.8,0,2026-07-11T14:29:21.633826+00:00,Yes,81.763,
31,1.1.1.1,0,2026-07-11T14:29:21.650455+00:00,Yes,61.786,
33,192.0.2.1,0,2026-07-11T14:29:21.650768+00:00,No,,timeout
34,1.1.1.1,1,2026-07-11T14:29:24.734122+00:00,Yes,63.612,
35,8.8.8.8,1,2026-07-11T14:29:24.763986+00:00,Yes,63.378,
38,192.0.2.1,1,2026-07-11T14:29:26.691739+00:00,No,,timeout
36,1.1.1.1,2,2026-07-11T14:29:27.814325+00:00,Yes,63.272,
37,8.8.8.8,2,2026-07-11T14:29:27.844437+00:00,Yes,61.917,
39,1.1.1.1,3,2026-07-11T14:29:30.911397+00:00,Yes,66.68,
40,8.8.8.8,3,2026-07-11T14:29:30.926943+00:00,Yes,67.04,
41,192.0.2.1,2,2026-07-11T14:29:31.729768+00:00,No,,timeout
42,1.1.1.1,4,2026-07-11T14:29:34.005182+00:00,Yes,67.21,
43,8.8.8.8,4,2026-07-11T14:29:34.020154+00:00,Yes,69.389,
46,192.0.2.1,3,2026-07-11T14:29:36.762450+00:00,No,,timeout
44,1.1.1.1,5,2026-07-11T14:29:37.103325+00:00,Yes,64.34,
45,8.8.8.8,5,2026-07-11T14:29:37.119170+00:00,Yes,67.816,
47,1.1.1.1,6,2026-07-11T14:29:40.185819+00:00,Yes,64.823,
48,8.8.8.8,6,2026-07-11T14:29:40.216701+00:00,Yes,63.235,
51,192.0.2.1,4,2026-07-11T14:29:41.798528+00:00,No,,timeout
49,1.1.1.1,7,2026-07-11T14:29:43.277979+00:00,Yes,67.053,
50,8.8.8.8,7,2026-07-11T14:29:43.308760+00:00,Yes,65.516,
